<?xml version="1.0" encoding="UTF-8"?>
<GenRun Id="synth_1" LaunchPart="xc7s25csga225-1" LaunchTime="1562714025">
  <File Type="PA-TCL" Name="top.tcl"/>
  <File Type="REPORTS-TCL" Name="top_reports.tcl"/>
  <File Type="RDS-RDS" Name="top.vds"/>
  <File Type="RDS-UTIL" Name="top_utilization_synth.rpt"/>
  <File Type="RDS-UTIL-PB" Name="top_utilization_synth.pb"/>
  <File Type="RDS-DCP" Name="top.dcp"/>
  <FileSet Name="sources" Type="DesignSrcs" RelSrcDir="$PSRCDIR/sources_1">
    <Filter Type="Srcs"/>
    <File Path="$PSRCDIR/sources_1/new/spi.v">
      <FileInfo>
        <Attr Name="ImportPath" Val="D:/Playground/cmod-s7-xadc/cmod-s7-xadc.srcs/sources_1/new/spi.v"/>
        <Attr Name="ImportTime" Val="1562700946"/>
        <Attr Name="UsedIn" Val="synthesis"/>
        <Attr Name="UsedIn" Val="implementation"/>
        <Attr Name="UsedIn" Val="simulation"/>
      </FileInfo>
    </File>
    <File Path="$PSRCDIR/sources_1/new/xadc.v">
      <FileInfo>
        <Attr Name="ImportPath" Val="D:/Playground/cmod-s7-xadc/cmod-s7-xadc.srcs/sources_1/new/xadc.v"/>
        <Attr Name="ImportTime" Val="1562708091"/>
        <Attr Name="UsedIn" Val="synthesis"/>
        <Attr Name="UsedIn" Val="implementation"/>
        <Attr Name="UsedIn" Val="simulation"/>
      </FileInfo>
    </File>
    <File Path="$PSRCDIR/sources_1/new/top.v">
      <FileInfo>
        <Attr Name="ImportPath" Val="D:/Playground/cmod-s7-xadc/cmod-s7-xadc.srcs/sources_1/new/top.v"/>
        <Attr Name="ImportTime" Val="1562714010"/>
        <Attr Name="UsedIn" Val="synthesis"/>
        <Attr Name="UsedIn" Val="implementation"/>
        <Attr Name="UsedIn" Val="simulation"/>
      </FileInfo>
    </File>
    <File Path="$PSRCDIR/sources_1/new/axis_components.v">
      <FileInfo>
        <Attr Name="ImportPath" Val="D:/Playground/cmod-s7-xadc/cmod-s7-xadc.srcs/sources_1/new/axis_components.v"/>
        <Attr Name="ImportTime" Val="1562713448"/>
        <Attr Name="UsedIn" Val="synthesis"/>
        <Attr Name="UsedIn" Val="implementation"/>
        <Attr Name="UsedIn" Val="simulation"/>
      </FileInfo>
    </File>
    <Config>
      <Option Name="DesignMode" Val="RTL"/>
      <Option Name="TopModule" Val="top"/>
    </Config>
  </FileSet>
  <FileSet Name="constrs_in" Type="Constrs" RelSrcDir="$PSRCDIR/constrs_1">
    <Filter Type="Constrs"/>
    <File Path="$PSRCDIR/constrs_1/imports/digilent-xdc/Cmod-S7-25-Master.xdc">
      <FileInfo>
        <Attr Name="ImportPath" Val="D:/Github/digilent-xdc/Cmod-S7-25-Master.xdc"/>
        <Attr Name="ImportTime" Val="1549053031"/>
        <Attr Name="UsedIn" Val="synthesis"/>
        <Attr Name="UsedIn" Val="implementation"/>
      </FileInfo>
    </File>
    <Config>
      <Option Name="ConstrsType" Val="XDC"/>
    </Config>
  </FileSet>
  <FileSet Name="utils" Type="Utils" RelSrcDir="$PSRCDIR/utils_1">
    <Filter Type="Utils"/>
    <Config>
      <Option Name="TopAutoSet" Val="TRUE"/>
    </Config>
  </FileSet>
  <Strategy Version="1" Minor="2">
    <StratHandle Name="Vivado Synthesis Defaults" Flow="Vivado Synthesis 2019"/>
    <Step Id="synth_design"/>
  </Strategy>
  <BlockFileSet Type="BlockSrcs" Name="xadc_wiz_0"/>
  <BlockFileSet Type="BlockSrcs" Name="clk_wiz_0"/>
</GenRun>
